{"stat.pickup.minecraft.wooden_slab":3,"stat.leaveGame":8,"stat.craftItem.akashictome.tome":3,"stat.drop.minecraft.redstone":20,"stat.useItem.harvestcraft.figjellysandwichitem":7,"stat.mineBlock.minecraft.sandstone":4,"stat.killEntity.PigZombie":6,"stat.pickup.tconstruct.faucet":1,"stat.useItem.minecraft.planks":8,"stat.mineBlock.minecraft.web":5,"stat.drop.minecraft.feather":1,"stat.craftItem.tconstruct.mattock":1,"stat.pickup.minecraft.glowstone_dust":26,"stat.mineBlock.immersiveengineering.ore":6,"stat.pickup.minecraft.porkchop":4,"stat.useItem.thermalfoundation.ore":2,"stat.pickup.minecraft.blaze_powder":2,"stat.pickup.harvestcraft.calamarirawitem":19,"stat.craftItem.extrautils2.endershard":16,"stat.useItem.minecraft.water_bucket":15,"stat.pickup.minecraft.rotten_flesh":19,"stat.pickup.minecraft.sand":67,"stat.pickup.claybucket.unfiredclaybucket":2,"stat.killEntity.Enderman":1,"stat.craftItem.tconstruct.casting":4,"stat.useItem.harvestcraft.pomegranatejellysandwichitem":2,"stat.pickup.enderio.item_broken_spawner":1,"stat.pickup.biomesoplenty.mushroom":2,"stat.mineBlock.minecraft.sand":66,"stat.pickup.quark.tallow":1,"stat.craftItem.omniwand.wand":4,"stat.pickup.minecraft.stained_hardened_clay":2,"stat.useItem.harvestcraft.starfruitjellysandwichitem":2,"stat.pickup.appliedenergistics2.sky_stone_block":556,"stat.pickup.thermalfoundation.material":2,"stat.furnaceInteraction":77,"stat.drop.minecraft.gravel":1,"stat.drop.astralsorcery.blockmarblestairs":1,"stat.useItem.rustic.ginseng":4,"stat.craftItem.thermalfoundation.material":10,"stat.craftItem.extrautils2.decorativesolidwood":2,"stat.pickup.minecraft.furnace":1,"stat.pickup.endreborn.dragon_essence":2,"stat.pickup.minecraft.hay_block":4,"stat.pickup.deepmoblearning.living_matter_overworldian":4,"stat.pickup.randomthings.slimecube":2,"stat.pickup.minecraft.cauldron":1,"stat.mineBlock.minecraft.stained_hardened_clay":2,"stat.pickup.thaumictinkerer.kamiresource":1,"stat.mineBlock.tconstruct.ore":31,"stat.useItem.minecraft.flint_and_steel":1,"stat.pickup.thaumcraft.crystal_essence":271,"stat.mineBlock.astralsorcery.blockmarble":8,"stat.killEntity.Husk":4,"stat.pickup.thaumcraft.nugget":1,"stat.mineBlock.actuallyadditions.block_giant_chest":1,"stat.mineBlock.minecraft.soul_sand":7,"stat.deaths":2,"stat.pickup.minecraft.egg":4,"stat.playOneMinute":311099,"stat.mineBlock.minecraft.stone_pressure_plate":1,"stat.mineBlock.actuallyadditions.block_wild":1,"stat.pickup.astralsorcery.blockmarblestairs":1,"stat.drop.minecraft.torch":1,"stat.useItem.tcomplement.sledge_hammer":4,"stat.mineBlock.minecraft.tallgrass":3,"stat.craftItem.minecraft.cooked_mutton":4,"stat.pickup.minecraft.netherrack":157,"stat.pickup.tconstruct.seared":5,"stat.chestOpened":195,"stat.mineBlock.minecraft.netherrack":158,"stat.pickup.minecraft.arrow":23,"stat.killEntity.Vex":1,"stat.mineBlock.appliedenergistics2.sky_stone_block":499,"stat.craftItem.minecraft.flint":3,"stat.pickup.minecraft.gold_nugget":2,"stat.mineBlock.tconstruct.faucet":1,"stat.fallOneCm":102040,"stat.pickup.minecraft.carrot":2,"stat.crouchOneCm":1330,"stat.craftItem.minecraft.iron_ingot":6,"stat.useItem.biomesoplenty.plant_1":2,"stat.craftingTableInteraction":8,"stat.mineBlock.rats.garbage_pile":48,"stat.useItem.cyclicmagic.inventory_food":1,"stat.drop.thermalfoundation.ore":2,"stat.craftItem.tconstruct.pattern":8,"stat.pickup.minecraft.feather":5,"stat.mineBlock.biomesoplenty.mud":12,"stat.craftItem.tconstruct.materials":192,"stat.mineBlock.biomesoplenty.plant_1":1,"stat.mineBlock.biomesoplenty.plant_0":3,"stat.pickup.minecraft.dye":16,"stat.pickup.biomesoplenty.plant_1":1,"stat.pickup.minecraft.wheat_seeds":1,"stat.mineBlock.minecraft.gravel":100,"stat.mineBlock.sonarcore.reinforcedstonebrickfence":13,"stat.craftItem.tconstruct.seared_tank":2,"stat.killEntity.Rabbit":2,"stat.useItem.biomesoplenty.berries":2,"stat.mineBlock.minecraft.dirt":5,"stat.useItem.minecraft.torch":27,"stat.useItem.minecraft.bread":1,"stat.useItem.minecraft.log":3,"stat.useItem.minecraft.cobblestone":16,"stat.craftItem.minecraft.crafting_table":1,"stat.useItem.minecraft.gravel":10,"stat.pickup.tconstruct.pickaxe":1,"stat.mineBlock.thaumcraft.crystal_aer":21,"stat.mineBlock.quark.stone_speleothem":1,"stat.killEntity.quark:foxhound":2,"stat.pickup.minecraft.log":5,"stat.craftItem.integrateddynamics.drying_basin":2,"stat.useItem.tconstruct.pickaxe":1732,"stat.killEntity.betteranimalsplus.coyote":1,"stat.mineBlock.thaumcraft.crystal_terra":17,"stat.pickup.minecraft.chicken":2,"stat.craftItem.quark.custom_bookshelf":10,"stat.pickup.minecraft.sapling":2,"stat.craftItem.tconstruct.smeltery_controller":2,"stat.craftItem.minecraft.planks":86,"stat.mineBlock.thaumcraft.crystal_ordo":6,"stat.pickup.biomesoplenty.berries":2,"stat.pickup.minecraft.book":3,"stat.useItem.minecraft.stonebrick":2,"stat.mineBlock.minecraft.log":5,"stat.craftItem.tconstruct.seared_slab":18,"stat.craftItem.tconstruct.pickaxe":16,"stat.craftItem.minecraft.log":9,"stat.pickup.minecraft.red_flower":1,"stat.sneakTime":2970,"stat.pickup.thaumcraft.amber":19,"stat.pickup.minecraft.wool":2,"stat.mineBlock.thaumcraft.crystal_perditio":17,"stat.pickup.minecraft.stone_slab":2,"stat.pickup.minecraft.yellow_flower":1,"stat.pickup.minecraft.chest":4,"stat.pickup.immersiveengineering.ore":6,"stat.pickup.minecraft.bone":27,"stat.pickup.minecraft.stone_pressure_plate":1,"stat.horseOneCm":2871,"stat.craftItem.tconstruct.broadsword":1,"stat.mineBlock.minecraft.cobblestone":2,"stat.useItem.tconstruct.mattock":2,"stat.pickup.minecraft.flint":8,"stat.mineBlock.minecraft.yellow_flower":1,"stat.craftItem.tconstruct.faucet":4,"stat.mineBlock.actuallyadditions.block_misc":4,"stat.mineBlock.appliedenergistics2.quartz_ore":14,"stat.craftItem.extrautils2.glasscutter":2,"stat.swimOneCm":28016,"stat.pickup.rustic.ginseng":4,"stat.climbOneCm":121894,"stat.mineBlock.thaumcraft.ore_amber":11,"stat.useItem.minecraft.obsidian":10,"stat.killEntity.betteranimalsplus.boar":2,"stat.useItem.minecraft.dirt":5,"stat.useItem.minecraft.stone_slab2":93,"stat.pickup.minecraft.bow":2,"stat.pickup.actuallyadditions.block_giant_chest":1,"stat.pickup.rats.garbage_pile":27,"stat.craftItem.minecraft.furnace":3,"stat.craftItem.mctsmelteryio.machine":1,"stat.craftItem.additionalcompression.logwood_compressed":90,"stat.pickup.thermalfoundation.ore":127,"stat.craftItem.spiceoflife.lunchbag":2,"stat.useItem.minecraft.egg":3,"stat.mineBlock.minecraft.obsidian":81,"stat.pickup.netherendingores.ore_nether_vanilla":80,"stat.pickup.minecraft.cobblestone":107,"stat.mineBlock.minecraft.clay":23,"stat.flyOneCm":516152,"stat.pickup.minecraft.sandstone":4,"stat.pickup.minecraft.soul_sand":7,"stat.pickup.appliedenergistics2.material":15,"stat.drop.minecraft.wheat_seeds":1,"stat.craftItem.minecraft.wooden_slab":24,"stat.pickup.minecraft.cactus":6,"stat.pickup.endreborn.food_ender_flesh":1,"stat.pickup.minecraft.redstone":85,"stat.useItem.tconstruct.broadsword":20,"stat.mineBlock.minecraft.iron_ore":42,"stat.craftItem.minecraft.book":15,"stat.timeSinceDeath":112494,"stat.useItem.rustic.cabinet":4,"stat.useItem.harvestcraft.honeysandwichitem":5,"stat.useItem.minecraft.wooden_slab":2,"stat.pickup.minecraft.mutton":4,"stat.craftItem.tconstruct.seared":36,"stat.mineBlock.thermalfoundation.ore":271,"stat.pickup.minecraft.stonebrick":3,"stat.drop.minecraft.dirt":3,"stat.useItem.tconstruct.rack":3,"stat.mineBlock.minecraft.coal_ore":64,"stat.killEntity.Creeper":4,"stat.talkedToVillager":7,"stat.mineBlock.lootr.lootr_chest":2,"stat.craftItem.tconstruct.soil":128,"stat.mineBlock.minecraft.red_mushroom_block":1,"stat.pickup.minecraft.string":8,"stat.craftItem.minecraft.stone_slab2":0,"stat.useItem.harvestcraft.cranberryjellysandwichitem":10,"stat.pickup.netherendingores.ore_nether_modded_1":12,"stat.useItem.minecraft.written_book":1,"stat.craftItem.tconstruct.tooltables":7,"stat.mineBlock.rustic.cabinet":3,"stat.killEntity.Squid":7,"stat.sprintOneCm":573179,"stat.pickup.actuallyadditions.item_misc":3,"stat.mineBlock.randomthings.slimecube":2,"stat.mineBlock.minecraft.stone_slab":8,"stat.craftItem.minecraft.stick":34,"stat.mineBlock.mekanism.oreblock":4,"stat.pickup.rats.plastic_waste":21,"stat.useItem.minecraft.stone_slab":1,"stat.mineBlock.netherendingores.ore_nether_modded_1":12,"stat.mineBlock.minecraft.diamond_ore":2,"stat.mineBlock.biomesoplenty.mushroom":1,"stat.entityKilledBy.Creeper":1,"stat.drop.claybucket.unfiredclaybucket":3,"stat.drop":19,"stat.mineBlock.thaumcraft.crystal_aqua":6,"stat.craftItem.actuallyadditions.item_misc":2,"stat.killEntity.Sheep":2,"stat.pickup.rustic.cabinet":3,"stat.pickup.tconstruct.ore":31,"stat.useItem.tconstruct.seared":43,"stat.killEntity.Zombie":23,"stat.craftItem.minecraft.dye":14,"stat.mineBlock.minecraft.gold_ore":55,"stat.diveOneCm":41804,"stat.pickup.tconstruct.tooltables":8,"stat.mineBlock.astralsorcery.blockmarblestairs":1,"stat.pickup.minecraft.gravel":88,"stat.pickup.thaumcraft.curio":1,"stat.craftItem.minecraft.cooked_porkchop":3,"stat.useItem.minecraft.apple":2,"stat.pickup.minecraft.obsidian":81,"stat.useItem.minecraft.porkchop":1,"stat.pickup.tombmanygraves.death_list":1,"stat.craftItem.tconstruct.shovel":2,"stat.useItem.minecraft.rotten_flesh":1,"stat.jump":2448,"stat.useItem.minecraft.sand":12,"stat.craftItem.tconstruct.rack":4,"stat.pickup.minecraft.coal":91,"stat.pickup.minecraft.gunpowder":1,"stat.pickup.minecraft.spider_eye":1,"stat.craftItem.minecraft.torch":44,"stat.drop.biomesoplenty.mushroom":2,"stat.pickup.minecraft.dirt":12,"stat.pickup.actuallyadditions.block_misc":4,"stat.pickup.minecraft.iron_ore":42,"stat.useItem.minecraft.sapling":1,"stat.pickup.minecraft.gold_ore":54,"stat.mineBlock.tconstruct.tooltables":7,"stat.damageTaken":5379,"stat.pickup.minecraft.leather":3,"stat.mineBlock.minecraft.torch":11,"stat.mineBlock.minecraft.furnace":1,"stat.mineBlock.minecraft.red_flower":1,"stat.pickup.minecraft.reeds":12,"stat.killEntity.CaveSpider":1,"stat.pickup.minecraft.bed":3,"stat.drop.biomesoplenty.plant_1":1,"stat.useItem.forge.bucketfilled":19,"stat.craftItem.randomthings.customworkbench":1,"stat.damageDealt":16283,"stat.craftItem.minecraft.glass":2,"stat.sleepInBed":8,"stat.pickup.actuallyadditions.item_canola_seed":2,"stat.killEntity.Pig":1,"stat.craftItem.claybucket.unfiredclaybucket":2,"stat.pickup.minecraft.piston":6,"stat.useItem.tconstruct.shovel":152,"stat.walkOneCm":469534,"stat.animalsBred":2,"stat.useItem.minecraft.chest":2,"stat.craftItem.tconstruct.smeltery_io":2,"stat.useItem.tconstruct.seared_slab":9,"stat.pickup.minecraft.clay_ball":92,"stat.pickup.mekanism.oreblock":4,"stat.drop.actuallyadditions.item_misc":3,"stat.craftItem.hole_filler_mod.throwable_hole_filler":32,"stat.craftItem.minecraft.wheat":36,"stat.pickup.minecraft.tnt":9,"stat.pickup.minecraft.stone":2,"stat.pickup.biomesoplenty.mudball":48,"stat.pickup.minecraft.ender_pearl":1,"stat.mineBlock.thaumcraft.crystal_ignis":11,"stat.pickup.minecraft.gold_ingot":2,"stat.killEntity.Skeleton":29,"stat.mineBlock.minecraft.tnt":9,"stat.mineBlock.minecraft.cactus":3,"stat.pickup.sonarcore.reinforcedstonebrickfence":13,"stat.killEntity.Chicken":2,"stat.killEntity.Spider":3,"stat.mineBlock.minecraft.quartz_ore":26,"stat.pickup.astralsorcery.itemcraftingcomponent":1,"stat.mineBlock.minecraft.glowstone":9,"stat.mineBlock.tconstruct.seared_slab":9,"stat.killEntity.betteranimalsplus.lamprey":1,"stat.mobKills":96,"stat.useItem.thaumcraft.curio":1,"stat.mineBlock.minecraft.bookshelf":1,"stat.useItem.cyclicmagic.evoker_fang":9,"stat.pickup.minecraft.quartz":25,"stat.drop.minecraft.written_book":1,"stat.pickup.minecraft.diamond":1,"stat.mineBlock.minecraft.leaves":3,"stat.mineBlock.minecraft.piston":6,"stat.pickup.minecraft.torch":16,"stat.mineBlock.tconstruct.seared":5,"stat.pickup.thaumcraft.brain":3,"stat.mineBlock.minecraft.redstone_ore":14,"stat.pickup.astralsorcery.blockmarble":8,"stat.mineBlock.astralsorcery.blockcustomsandore":1,"stat.mineBlock.minecraft.hay_block":4,"stat.mineBlock.netherendingores.ore_nether_vanilla":102,"stat.mineBlock.minecraft.stone":112,"stat.useItem.minecraft.sandstone":1}