<?xml version="1.0" encoding="UTF-8" standalone="no"?>
<galaxy>
    <star blackHole="false" diskAngle="70.0" name="Sol" numGasGiants="0" numPlanets="0" size="1.0" temp="100" x="0" y="0">
        <planet DIMID="0" dimMapping="" name="Earth">
            <isKnown>true</isKnown>
            <forceRiverGeneration>true</forceRiverGeneration>
            <fogColor>1.0,1.0,1.0</fogColor>
            <skyColor>1.0,1.0,1.0</skyColor>
            <gravitationalMultiplier>100</gravitationalMultiplier>
            <orbitalDistance>100</orbitalDistance>
            <orbitalTheta>0</orbitalTheta>
            <orbitalPhi>0</orbitalPhi>
            <retrograde>false</retrograde>
            <avgTemperature>287</avgTemperature>
            <rotationalPeriod>24000</rotationalPeriod>
            <atmosphereDensity>100</atmosphereDensity>
            <rainStartLength>168000</rainStartLength>
            <rainProlongationLength>12000</rainProlongationLength>
            <thunderStartLength>168000</thunderStartLength>
            <thunderProlongationLength>12000</thunderProlongationLength>
            <rainMarker>0</rainMarker>
            <thunderMarker>0</thunderMarker>
            <generateCraters>true</generateCraters>
            <generateCaves>true</generateCaves>
            <generateVolcanos>false</generateVolcanos>
            <generateStructures>true</generateStructures>
            <generateGeodes>true</generateGeodes>
            <seaLevel>63</seaLevel>
            <planet DIMID="100" name="Luna">
                <isKnown>true</isKnown>
                <forceRiverGeneration>true</forceRiverGeneration>
                <fogColor>1.0,1.0,1.0</fogColor>
                <skyColor>1.0,1.0,1.0</skyColor>
                <gravitationalMultiplier>16</gravitationalMultiplier>
                <orbitalDistance>150</orbitalDistance>
                <orbitalTheta>0</orbitalTheta>
                <orbitalPhi>0</orbitalPhi>
                <retrograde>false</retrograde>
                <avgTemperature>208</avgTemperature>
                <rotationalPeriod>128000</rotationalPeriod>
                <atmosphereDensity>0</atmosphereDensity>
                <rainStartLength>168000</rainStartLength>
                <rainProlongationLength>12000</rainProlongationLength>
                <thunderStartLength>168000</thunderStartLength>
                <thunderProlongationLength>12000</thunderProlongationLength>
                <rainMarker>0</rainMarker>
                <thunderMarker>0</thunderMarker>
                <generateCraters>true</generateCraters>
                <generateCaves>true</generateCaves>
                <generateVolcanos>false</generateVolcanos>
                <generateStructures>true</generateStructures>
                <generateGeodes>true</generateGeodes>
                <seaLevel>63</seaLevel>
                <biomeIds>advancedrocketry:moon;30,advancedrocketry:moondark;30</biomeIds>
            </planet>
        </planet>
        <planet DIMID="101" customIcon="lava" name="Mercury">
            <isKnown>false</isKnown>
            <forceRiverGeneration>true</forceRiverGeneration>
            <fogColor>1.0,1.0,1.0</fogColor>
            <skyColor>0.0,0.0,0.0</skyColor>
            <gravitationalMultiplier>38</gravitationalMultiplier>
            <orbitalDistance>40</orbitalDistance>
            <orbitalTheta>0</orbitalTheta>
            <orbitalPhi>0</orbitalPhi>
            <retrograde>false</retrograde>
            <avgTemperature>476</avgTemperature>
            <rotationalPeriod>1400000</rotationalPeriod>
            <atmosphereDensity>120</atmosphereDensity>
            <rainStartLength>168000</rainStartLength>
            <rainProlongationLength>12000</rainProlongationLength>
            <thunderStartLength>168000</thunderStartLength>
            <thunderProlongationLength>12000</thunderProlongationLength>
            <rainMarker>0</rainMarker>
            <thunderMarker>0</thunderMarker>
            <generateCraters>true</generateCraters>
            <generateCaves>true</generateCaves>
            <generateVolcanos>false</generateVolcanos>
            <generateStructures>true</generateStructures>
            <generateGeodes>true</generateGeodes>
            <seaLevel>63</seaLevel>
            <biomeIds>biometweaker:mercury_beach;30</biomeIds>
        </planet>
        <planet DIMID="102" customIcon="lava" name="Venus">
            <isKnown>false</isKnown>
            <forceRiverGeneration>true</forceRiverGeneration>
            <fogColor>0.9,0.9,0.9</fogColor>
            <skyColor>0.0,0.0,0.0</skyColor>
            <gravitationalMultiplier>90</gravitationalMultiplier>
            <orbitalDistance>72</orbitalDistance>
            <orbitalTheta>0</orbitalTheta>
            <orbitalPhi>0</orbitalPhi>
            <retrograde>false</retrograde>
            <avgTemperature>355</avgTemperature>
            <rotationalPeriod>2784000</rotationalPeriod>
            <atmosphereDensity>120</atmosphereDensity>
            <rainStartLength>168000</rainStartLength>
            <rainProlongationLength>12000</rainProlongationLength>
            <thunderStartLength>168000</thunderStartLength>
            <thunderProlongationLength>12000</thunderProlongationLength>
            <rainMarker>0</rainMarker>
            <thunderMarker>0</thunderMarker>
            <generateCraters>true</generateCraters>
            <generateCaves>true</generateCaves>
            <generateVolcanos>false</generateVolcanos>
            <generateStructures>true</generateStructures>
            <generateGeodes>true</generateGeodes>
            <seaLevel>63</seaLevel>
            <biomeIds>biomesoplenty:volcanic_island;30</biomeIds>
        </planet>
        <planet DIMID="103" customIcon="marslike" name="Mars">
            <isKnown>false</isKnown>
            <forceRiverGeneration>true</forceRiverGeneration>
            <fogColor>0.9,0.6,0.1</fogColor>
            <skyColor>1.0,0.2,0.0</skyColor>
            <gravitationalMultiplier>38</gravitationalMultiplier>
            <orbitalDistance>105</orbitalDistance>
            <orbitalTheta>0</orbitalTheta>
            <orbitalPhi>0</orbitalPhi>
            <retrograde>false</retrograde>
            <avgTemperature>249</avgTemperature>
            <rotationalPeriod>20000</rotationalPeriod>
            <atmosphereDensity>0</atmosphereDensity>
            <rainStartLength>168000</rainStartLength>
            <rainProlongationLength>12000</rainProlongationLength>
            <thunderStartLength>168000</thunderStartLength>
            <thunderProlongationLength>12000</thunderProlongationLength>
            <rainMarker>0</rainMarker>
            <thunderMarker>0</thunderMarker>
            <generateCraters>true</generateCraters>
            <generateCaves>true</generateCaves>
            <generateVolcanos>false</generateVolcanos>
            <generateStructures>true</generateStructures>
            <generateGeodes>true</generateGeodes>
            <seaLevel>63</seaLevel>
            <craterOres>blockStrontium90,stoneBaratol,blockBerkelium247</craterOres>
            <biomeIds>advancedrocketry:hotdryrock;30</biomeIds>
            <fillerBlock>minecraft:stone:1</fillerBlock>
        </planet>
        <planet DIMID="104" customIcon="gasgiantred" name="Jupiter">
            <isKnown>false</isKnown>
            <forceRiverGeneration>true</forceRiverGeneration>
            <GasGiant>true</GasGiant>
            <gas>helium</gas>
            <gas>ammonia</gas>
            <gas>fluoromethane</gas>
            <fogColor>1.0,1.0,1.0</fogColor>
            <skyColor>1.0,1.0,1.0</skyColor>
            <gravitationalMultiplier>100</gravitationalMultiplier>
            <orbitalDistance>120</orbitalDistance>
            <orbitalTheta>0</orbitalTheta>
            <orbitalPhi>0</orbitalPhi>
            <retrograde>false</retrograde>
            <avgTemperature>262</avgTemperature>
            <rotationalPeriod>9900</rotationalPeriod>
            <atmosphereDensity>100</atmosphereDensity>
            <rainStartLength>168000</rainStartLength>
            <rainProlongationLength>12000</rainProlongationLength>
            <thunderStartLength>168000</thunderStartLength>
            <thunderProlongationLength>12000</thunderProlongationLength>
            <rainMarker>0</rainMarker>
            <thunderMarker>0</thunderMarker>
            <generateCraters>true</generateCraters>
            <generateCaves>true</generateCaves>
            <generateVolcanos>false</generateVolcanos>
            <generateStructures>true</generateStructures>
            <generateGeodes>true</generateGeodes>
            <seaLevel>63</seaLevel>
            <planet DIMID="105" customIcon="moon" name="Io">
                <isKnown>false</isKnown>
                <forceRiverGeneration>true</forceRiverGeneration>
                <fogColor>1.0,1.0,1.0</fogColor>
                <skyColor>1.0,1.0,1.0</skyColor>
                <gravitationalMultiplier>30</gravitationalMultiplier>
                <orbitalDistance>70</orbitalDistance>
                <orbitalTheta>0</orbitalTheta>
                <orbitalPhi>0</orbitalPhi>
                <retrograde>false</retrograde>
                <avgTemperature>305</avgTemperature>
                <rotationalPeriod>10000</rotationalPeriod>
                <atmosphereDensity>0</atmosphereDensity>
                <rainStartLength>168000</rainStartLength>
                <rainProlongationLength>12000</rainProlongationLength>
                <thunderStartLength>168000</thunderStartLength>
                <thunderProlongationLength>12000</thunderProlongationLength>
                <rainMarker>0</rainMarker>
                <thunderMarker>0</thunderMarker>
                <generateCraters>true</generateCraters>
                <generateCaves>true</generateCaves>
                <generateVolcanos>false</generateVolcanos>
                <generateStructures>true</generateStructures>
                <generateGeodes>true</generateGeodes>
                <seaLevel>63</seaLevel>
                <biomeIds>advancedrocketry:volcanic;30</biomeIds>
            </planet>
            <planet DIMID="106" customIcon="waterworld" name="Europa">
                <isKnown>false</isKnown>
                <forceRiverGeneration>true</forceRiverGeneration>
                <fogColor>1.0,1.0,1.0</fogColor>
                <skyColor>1.0,1.0,1.0</skyColor>
                <gravitationalMultiplier>30</gravitationalMultiplier>
                <orbitalDistance>90</orbitalDistance>
                <orbitalTheta>0</orbitalTheta>
                <orbitalPhi>90</orbitalPhi>
                <retrograde>false</retrograde>
                <avgTemperature>269</avgTemperature>
                <rotationalPeriod>10000</rotationalPeriod>
                <atmosphereDensity>0</atmosphereDensity>
                <rainStartLength>168000</rainStartLength>
                <rainProlongationLength>12000</rainProlongationLength>
                <thunderStartLength>168000</thunderStartLength>
                <thunderProlongationLength>12000</thunderProlongationLength>
                <rainMarker>0</rainMarker>
                <thunderMarker>0</thunderMarker>
                <generateCraters>true</generateCraters>
                <generateCaves>true</generateCaves>
                <generateVolcanos>false</generateVolcanos>
                <generateStructures>true</generateStructures>
                <generateGeodes>true</generateGeodes>
                <seaLevel>63</seaLevel>
                <biomeIds>minecraft:frozen_ocean;30</biomeIds>
            </planet>
        </planet>
        <planet DIMID="107" customIcon="gasgiantblue" name="Saturn">
            <isKnown>false</isKnown>
            <hasRings>true</hasRings>
            <ringAngle>70</ringAngle>
            <ringColor>0.4,0.4,0.7</ringColor>
            <forceRiverGeneration>true</forceRiverGeneration>
            <GasGiant>true</GasGiant>
            <gas>helium</gas>
            <gas>ammonia</gas>
            <gas>fluoromethane</gas>
            <fogColor>1.0,1.0,1.0</fogColor>
            <skyColor>1.0,1.0,1.0</skyColor>
            <gravitationalMultiplier>100</gravitationalMultiplier>
            <orbitalDistance>130</orbitalDistance>
            <orbitalTheta>0</orbitalTheta>
            <orbitalPhi>0</orbitalPhi>
            <retrograde>false</retrograde>
            <avgTemperature>252</avgTemperature>
            <rotationalPeriod>10600</rotationalPeriod>
            <atmosphereDensity>100</atmosphereDensity>
            <rainStartLength>168000</rainStartLength>
            <rainProlongationLength>12000</rainProlongationLength>
            <thunderStartLength>168000</thunderStartLength>
            <thunderProlongationLength>12000</thunderProlongationLength>
            <rainMarker>0</rainMarker>
            <thunderMarker>0</thunderMarker>
            <generateCraters>true</generateCraters>
            <generateCaves>true</generateCaves>
            <generateVolcanos>false</generateVolcanos>
            <generateStructures>true</generateStructures>
            <generateGeodes>true</generateGeodes>
            <seaLevel>63</seaLevel>
            <planet DIMID="108" customIcon="moon" name="Titan">
                <isKnown>false</isKnown>
                <forceRiverGeneration>true</forceRiverGeneration>
                <fogColor>1.0,1.0,1.0</fogColor>
                <skyColor>1.0,1.0,1.0</skyColor>
                <gravitationalMultiplier>30</gravitationalMultiplier>
                <orbitalDistance>100</orbitalDistance>
                <orbitalTheta>0</orbitalTheta>
                <orbitalPhi>120</orbitalPhi>
                <retrograde>false</retrograde>
                <avgTemperature>255</avgTemperature>
                <rotationalPeriod>12000</rotationalPeriod>
                <atmosphereDensity>0</atmosphereDensity>
                <rainStartLength>168000</rainStartLength>
                <rainProlongationLength>12000</rainProlongationLength>
                <thunderStartLength>168000</thunderStartLength>
                <thunderProlongationLength>12000</thunderProlongationLength>
                <rainMarker>0</rainMarker>
                <thunderMarker>0</thunderMarker>
                <generateCraters>true</generateCraters>
                <generateCaves>true</generateCaves>
                <generateVolcanos>false</generateVolcanos>
                <generateStructures>true</generateStructures>
                <generateGeodes>true</generateGeodes>
                <seaLevel>63</seaLevel>
                <biomeIds>nuclearcraft:nuclear_wasteland;30,biomesoplenty:wasteland;30</biomeIds>
            </planet>
        </planet>
        <planet DIMID="109" customIcon="iceworld" name="Uranus">
            <isKnown>false</isKnown>
            <forceRiverGeneration>true</forceRiverGeneration>
            <fogColor>0.9,0.9,0.9</fogColor>
            <skyColor>0.0,0.9,1.0</skyColor>
            <gravitationalMultiplier>89</gravitationalMultiplier>
            <orbitalDistance>150</orbitalDistance>
            <orbitalTheta>0</orbitalTheta>
            <orbitalPhi>0</orbitalPhi>
            <retrograde>false</retrograde>
            <avgTemperature>208</avgTemperature>
            <rotationalPeriod>17250</rotationalPeriod>
            <atmosphereDensity>0</atmosphereDensity>
            <rainStartLength>168000</rainStartLength>
            <rainProlongationLength>12000</rainProlongationLength>
            <thunderStartLength>168000</thunderStartLength>
            <thunderProlongationLength>12000</thunderProlongationLength>
            <rainMarker>0</rainMarker>
            <thunderMarker>0</thunderMarker>
            <generateCraters>true</generateCraters>
            <generateCaves>true</generateCaves>
            <generateVolcanos>false</generateVolcanos>
            <generateStructures>true</generateStructures>
            <generateGeodes>true</generateGeodes>
            <seaLevel>63</seaLevel>
            <biomeIds>biomesoplenty:alps;30,iceandfire:glacier;30</biomeIds>
        </planet>
        <planet DIMID="110" customIcon="iceworld" name="Neptune">
            <isKnown>false</isKnown>
            <forceRiverGeneration>true</forceRiverGeneration>
            <fogColor>1.0,1.0,1.0</fogColor>
            <skyColor>0.0,0.5,1.0</skyColor>
            <gravitationalMultiplier>110</gravitationalMultiplier>
            <orbitalDistance>180</orbitalDistance>
            <orbitalTheta>0</orbitalTheta>
            <orbitalPhi>0</orbitalPhi>
            <retrograde>false</retrograde>
            <avgTemperature>190</avgTemperature>
            <rotationalPeriod>21100</rotationalPeriod>
            <atmosphereDensity>0</atmosphereDensity>
            <rainStartLength>168000</rainStartLength>
            <rainProlongationLength>12000</rainProlongationLength>
            <thunderStartLength>168000</thunderStartLength>
            <thunderProlongationLength>12000</thunderProlongationLength>
            <rainMarker>0</rainMarker>
            <thunderMarker>0</thunderMarker>
            <generateCraters>true</generateCraters>
            <generateCaves>true</generateCaves>
            <generateVolcanos>false</generateVolcanos>
            <generateStructures>true</generateStructures>
            <generateGeodes>true</generateGeodes>
            <seaLevel>63</seaLevel>
            <biomeIds>biomesoplenty:alps_foothills;30,biomesoplenty:glacier;30</biomeIds>
            <fillerBlock>biomesoplenty:hard_ice</fillerBlock>
        </planet>
    </star>
    <star blackHole="false" diskAngle="70.0" name="Proxima Centauri" numGasGiants="0" numPlanets="0" size="1.0" temp="45" x="28" y="8">
        <planet DIMID="112" customIcon="earthlike" name="Terra Nova">
            <isKnown>false</isKnown>
            <forceRiverGeneration>true</forceRiverGeneration>
            <fogColor>1.0,0.0,0.5</fogColor>
            <skyColor>1.0,0.0,1.0</skyColor>
            <gravitationalMultiplier>70</gravitationalMultiplier>
            <orbitalDistance>200</orbitalDistance>
            <orbitalTheta>0</orbitalTheta>
            <orbitalPhi>0</orbitalPhi>
            <retrograde>false</retrograde>
            <avgTemperature>91</avgTemperature>
            <rotationalPeriod>24000</rotationalPeriod>
            <atmosphereDensity>100</atmosphereDensity>
            <rainStartLength>168000</rainStartLength>
            <rainProlongationLength>12000</rainProlongationLength>
            <thunderStartLength>168000</thunderStartLength>
            <thunderProlongationLength>12000</thunderProlongationLength>
            <rainMarker>0</rainMarker>
            <thunderMarker>0</thunderMarker>
            <generateCraters>true</generateCraters>
            <generateCaves>true</generateCaves>
            <generateVolcanos>false</generateVolcanos>
            <generateStructures>true</generateStructures>
            <generateGeodes>true</generateGeodes>
            <seaLevel>63</seaLevel>
            <biomeIds>biomesoplenty:crag;30,biomesoplenty:quagmire;30</biomeIds>
        </planet>
        <planet DIMID="114" customIcon="earthlike" name="Stella">
            <isKnown>false</isKnown>
            <forceRiverGeneration>true</forceRiverGeneration>
            <fogColor>1.0,0.0,0.5</fogColor>
            <skyColor>1.0,0.0,1.0</skyColor>
            <gravitationalMultiplier>75</gravitationalMultiplier>
            <orbitalDistance>200</orbitalDistance>
            <orbitalTheta>0</orbitalTheta>
            <orbitalPhi>0</orbitalPhi>
            <retrograde>false</retrograde>
            <avgTemperature>91</avgTemperature>
            <rotationalPeriod>12000</rotationalPeriod>
            <atmosphereDensity>100</atmosphereDensity>
            <rainStartLength>168000</rainStartLength>
            <rainProlongationLength>12000</rainProlongationLength>
            <thunderStartLength>168000</thunderStartLength>
            <thunderProlongationLength>12000</thunderProlongationLength>
            <rainMarker>0</rainMarker>
            <thunderMarker>0</thunderMarker>
            <generateCraters>true</generateCraters>
            <generateCaves>true</generateCaves>
            <generateVolcanos>false</generateVolcanos>
            <generateStructures>true</generateStructures>
            <generateGeodes>true</generateGeodes>
            <seaLevel>63</seaLevel>
            <biomeIds>biomesoplenty:sacred_springs;30,biomesoplenty:mystic_grove;30</biomeIds>
        </planet>
        <planet DIMID="116" customIcon="gasgiantblue" name="Hubble">
            <isKnown>false</isKnown>
            <forceRiverGeneration>true</forceRiverGeneration>
            <GasGiant>true</GasGiant>
            <gas>ic2superheated_steam</gas>
            <gas>high_pressure_steam</gas>
            <gas>exhaust_steam</gas>
            <gas>low_pressure_steam</gas>
            <gas>low_quality_steam</gas>
            <fogColor>0.9,0.9,0.5</fogColor>
            <skyColor>0.9,0.9,0.9</skyColor>
            <gravitationalMultiplier>100</gravitationalMultiplier>
            <orbitalDistance>130</orbitalDistance>
            <orbitalTheta>0</orbitalTheta>
            <orbitalPhi>0</orbitalPhi>
            <retrograde>false</retrograde>
            <avgTemperature>113</avgTemperature>
            <rotationalPeriod>12000</rotationalPeriod>
            <atmosphereDensity>100</atmosphereDensity>
            <rainStartLength>168000</rainStartLength>
            <rainProlongationLength>12000</rainProlongationLength>
            <thunderStartLength>168000</thunderStartLength>
            <thunderProlongationLength>12000</thunderProlongationLength>
            <rainMarker>0</rainMarker>
            <thunderMarker>0</thunderMarker>
            <generateCraters>true</generateCraters>
            <generateCaves>true</generateCaves>
            <generateVolcanos>false</generateVolcanos>
            <generateStructures>true</generateStructures>
            <generateGeodes>true</generateGeodes>
            <seaLevel>63</seaLevel>
        </planet>
        <planet DIMID="7" customIcon="earthlike" dimMapping="" name="Twilight">
            <isKnown>false</isKnown>
            <forceRiverGeneration>true</forceRiverGeneration>
            <fogColor>1.0,0.0,0.5</fogColor>
            <skyColor>1.0,0.0,1.0</skyColor>
            <gravitationalMultiplier>95</gravitationalMultiplier>
            <orbitalDistance>60</orbitalDistance>
            <orbitalTheta>0</orbitalTheta>
            <orbitalPhi>0</orbitalPhi>
            <retrograde>false</retrograde>
            <avgTemperature>167</avgTemperature>
            <rotationalPeriod>12000</rotationalPeriod>
            <atmosphereDensity>100</atmosphereDensity>
            <rainStartLength>168000</rainStartLength>
            <rainProlongationLength>12000</rainProlongationLength>
            <thunderStartLength>168000</thunderStartLength>
            <thunderProlongationLength>12000</thunderProlongationLength>
            <rainMarker>0</rainMarker>
            <thunderMarker>0</thunderMarker>
            <generateCraters>true</generateCraters>
            <generateCaves>true</generateCaves>
            <generateVolcanos>false</generateVolcanos>
            <generateStructures>true</generateStructures>
            <generateGeodes>true</generateGeodes>
            <seaLevel>63</seaLevel>
        </planet>
        <planet DIMID="200" customIcon="earthlike" dimMapping="" name="Alien Jungle">
            <isKnown>false</isKnown>
            <forceRiverGeneration>true</forceRiverGeneration>
            <fogColor>1.0,0.0,0.5</fogColor>
            <skyColor>1.0,0.0,1.0</skyColor>
            <gravitationalMultiplier>95</gravitationalMultiplier>
            <orbitalDistance>60</orbitalDistance>
            <orbitalTheta>0</orbitalTheta>
            <orbitalPhi>0</orbitalPhi>
            <retrograde>false</retrograde>
            <avgTemperature>167</avgTemperature>
            <rotationalPeriod>12000</rotationalPeriod>
            <atmosphereDensity>100</atmosphereDensity>
            <rainStartLength>168000</rainStartLength>
            <rainProlongationLength>12000</rainProlongationLength>
            <thunderStartLength>168000</thunderStartLength>
            <thunderProlongationLength>12000</thunderProlongationLength>
            <rainMarker>0</rainMarker>
            <thunderMarker>0</thunderMarker>
            <generateCraters>true</generateCraters>
            <generateCaves>true</generateCaves>
            <generateVolcanos>false</generateVolcanos>
            <generateStructures>true</generateStructures>
            <generateGeodes>true</generateGeodes>
            <seaLevel>63</seaLevel>
        </planet>
        <planet DIMID="111" customIcon="earthlike" name="Proxima B">
            <isKnown>false</isKnown>
            <forceRiverGeneration>true</forceRiverGeneration>
            <fogColor>0.0,0.5,1.0</fogColor>
            <skyColor>0.3,0.9,0.3</skyColor>
            <gravitationalMultiplier>80</gravitationalMultiplier>
            <orbitalDistance>50</orbitalDistance>
            <orbitalTheta>0</orbitalTheta>
            <orbitalPhi>0</orbitalPhi>
            <retrograde>false</retrograde>
            <avgTemperature>183</avgTemperature>
            <rotationalPeriod>12000</rotationalPeriod>
            <atmosphereDensity>100</atmosphereDensity>
            <rainStartLength>168000</rainStartLength>
            <rainProlongationLength>12000</rainProlongationLength>
            <thunderStartLength>168000</thunderStartLength>
            <thunderProlongationLength>12000</thunderProlongationLength>
            <rainMarker>0</rainMarker>
            <thunderMarker>0</thunderMarker>
            <generateCraters>true</generateCraters>
            <generateCaves>true</generateCaves>
            <generateVolcanos>false</generateVolcanos>
            <generateStructures>true</generateStructures>
            <generateGeodes>true</generateGeodes>
            <seaLevel>63</seaLevel>
            <biomeIds>advancedrocketry:crystalchasms;30</biomeIds>
            <fillerBlock>iceandfire:frozen_stone</fillerBlock>
        </planet>
    </star>
    <star blackHole="true" diskAngle="70.0" name="Magnis Vulpes" numGasGiants="0" numPlanets="0" size="1.0" temp="87" x="6" y="-142">
        <star blackHole="false" diskAngle="70.0" separation="10.0" size="1.0" temp="200"/>
        <star blackHole="false" diskAngle="70.0" separation="6.0" size="1.0" temp="100"/>
        <planet DIMID="117" customIcon="gasgiantred" name="KELT-1b">
            <isKnown>false</isKnown>
            <hasRings>true</hasRings>
            <ringAngle>70</ringAngle>
            <ringColor>0.4,0.4,0.7</ringColor>
            <forceRiverGeneration>true</forceRiverGeneration>
            <GasGiant>true</GasGiant>
            <gas>vapor_of_levity</gas>
            <gas>nitrogen</gas>
            <gas>fluorine</gas>
            <gas>carbon_dioxide</gas>
            <gas>carbon_monoxide</gas>
            <fogColor>0.0,0.0,1.0</fogColor>
            <skyColor>0.0,1.0,0.5</skyColor>
            <gravitationalMultiplier>100</gravitationalMultiplier>
            <orbitalDistance>35</orbitalDistance>
            <orbitalTheta>0</orbitalTheta>
            <orbitalPhi>0</orbitalPhi>
            <retrograde>false</retrograde>
            <avgTemperature>423</avgTemperature>
            <rotationalPeriod>4000</rotationalPeriod>
            <atmosphereDensity>100</atmosphereDensity>
            <rainStartLength>168000</rainStartLength>
            <rainProlongationLength>12000</rainProlongationLength>
            <thunderStartLength>168000</thunderStartLength>
            <thunderProlongationLength>12000</thunderProlongationLength>
            <rainMarker>0</rainMarker>
            <thunderMarker>0</thunderMarker>
            <generateCraters>true</generateCraters>
            <generateCaves>true</generateCaves>
            <generateVolcanos>false</generateVolcanos>
            <generateStructures>true</generateStructures>
            <generateGeodes>true</generateGeodes>
            <seaLevel>63</seaLevel>
        </planet>
        <planet DIMID="120" customIcon="iceworld" name="KELT-4ab">
            <isKnown>false</isKnown>
            <hasRings>true</hasRings>
            <ringAngle>70</ringAngle>
            <ringColor>0.4,0.4,0.7</ringColor>
            <forceRiverGeneration>true</forceRiverGeneration>
            <fogColor>0.0,0.0,1.0</fogColor>
            <skyColor>0.0,1.0,0.0</skyColor>
            <gravitationalMultiplier>60</gravitationalMultiplier>
            <orbitalDistance>100</orbitalDistance>
            <orbitalTheta>0</orbitalTheta>
            <orbitalPhi>0</orbitalPhi>
            <retrograde>false</retrograde>
            <avgTemperature>222</avgTemperature>
            <rotationalPeriod>10000</rotationalPeriod>
            <atmosphereDensity>0</atmosphereDensity>
            <rainStartLength>168000</rainStartLength>
            <rainProlongationLength>12000</rainProlongationLength>
            <thunderStartLength>168000</thunderStartLength>
            <thunderProlongationLength>12000</thunderProlongationLength>
            <rainMarker>0</rainMarker>
            <thunderMarker>0</thunderMarker>
            <generateCraters>true</generateCraters>
            <generateCaves>true</generateCaves>
            <generateVolcanos>false</generateVolcanos>
            <generateStructures>true</generateStructures>
            <generateGeodes>true</generateGeodes>
            <seaLevel>63</seaLevel>
            <biomeIds>biomesoplenty:alps;30,iceandfire:glacier;30,biomesoplenty:alps_foothills;30,biomesoplenty:glacier;30</biomeIds>
        </planet>
        <planet DIMID="121" customIcon="earthlike" name="KELT-6a">
            <isKnown>false</isKnown>
            <forceRiverGeneration>true</forceRiverGeneration>
            <fogColor>1.0,0.0,0.5</fogColor>
            <skyColor>1.0,0.0,1.0</skyColor>
            <gravitationalMultiplier>70</gravitationalMultiplier>
            <orbitalDistance>110</orbitalDistance>
            <orbitalTheta>0</orbitalTheta>
            <orbitalPhi>0</orbitalPhi>
            <retrograde>false</retrograde>
            <avgTemperature>225</avgTemperature>
            <rotationalPeriod>180000</rotationalPeriod>
            <atmosphereDensity>80</atmosphereDensity>
            <rainStartLength>168000</rainStartLength>
            <rainProlongationLength>12000</rainProlongationLength>
            <thunderStartLength>168000</thunderStartLength>
            <thunderProlongationLength>12000</thunderProlongationLength>
            <rainMarker>0</rainMarker>
            <thunderMarker>0</thunderMarker>
            <generateCraters>true</generateCraters>
            <generateCaves>true</generateCaves>
            <generateVolcanos>false</generateVolcanos>
            <generateStructures>true</generateStructures>
            <generateGeodes>true</generateGeodes>
            <seaLevel>63</seaLevel>
            <biomeIds>advancedrocketry:alien_forest;30,biomesoplenty:ominous_woods;30,advancedrocketry:stormland;30</biomeIds>
        </planet>
        <planet DIMID="122" customIcon="lava" name="Kepler 0118">
            <isKnown>false</isKnown>
            <hasRings>true</hasRings>
            <ringAngle>70</ringAngle>
            <ringColor>0.4,0.4,0.7</ringColor>
            <forceRiverGeneration>true</forceRiverGeneration>
            <fogColor>0.0,0.0,0.2</fogColor>
            <skyColor>0.0,0.1,0.4</skyColor>
            <gravitationalMultiplier>60</gravitationalMultiplier>
            <orbitalDistance>10</orbitalDistance>
            <orbitalTheta>0</orbitalTheta>
            <orbitalPhi>0</orbitalPhi>
            <retrograde>false</retrograde>
            <avgTemperature>703</avgTemperature>
            <rotationalPeriod>18000</rotationalPeriod>
            <atmosphereDensity>0</atmosphereDensity>
            <rainStartLength>168000</rainStartLength>
            <rainProlongationLength>12000</rainProlongationLength>
            <thunderStartLength>168000</thunderStartLength>
            <thunderProlongationLength>12000</thunderProlongationLength>
            <rainMarker>0</rainMarker>
            <thunderMarker>0</thunderMarker>
            <generateCraters>true</generateCraters>
            <generateCaves>true</generateCaves>
            <generateVolcanos>true</generateVolcanos>
            <generateStructures>true</generateStructures>
            <generateGeodes>true</generateGeodes>
            <seaLevel>63</seaLevel>
            <biomeIds>biomesoplenty:volcanic_island;30</biomeIds>
            <oceanBlock>tconstruct:molten_obsidian</oceanBlock>
            <fillerBlock>quark:basalt</fillerBlock>
        </planet>
        <planet DIMID="123" customIcon="marslike" name="Kepler 0119">
            <isKnown>false</isKnown>
            <forceRiverGeneration>true</forceRiverGeneration>
            <fogColor>0.0,0.0,1.0</fogColor>
            <skyColor>0.0,1.0,0.0</skyColor>
            <gravitationalMultiplier>60</gravitationalMultiplier>
            <orbitalDistance>20</orbitalDistance>
            <orbitalTheta>0</orbitalTheta>
            <orbitalPhi>0</orbitalPhi>
            <retrograde>false</retrograde>
            <avgTemperature>497</avgTemperature>
            <rotationalPeriod>100000</rotationalPeriod>
            <atmosphereDensity>0</atmosphereDensity>
            <rainStartLength>168000</rainStartLength>
            <rainProlongationLength>12000</rainProlongationLength>
            <thunderStartLength>168000</thunderStartLength>
            <thunderProlongationLength>12000</thunderProlongationLength>
            <rainMarker>0</rainMarker>
            <thunderMarker>0</thunderMarker>
            <generateCraters>true</generateCraters>
            <generateCaves>true</generateCaves>
            <generateVolcanos>false</generateVolcanos>
            <generateStructures>true</generateStructures>
            <generateGeodes>true</generateGeodes>
            <seaLevel>63</seaLevel>
            <biomeIds>advancedrocketry:hotdryrock;30</biomeIds>
            <fillerBlock>minecraft:stone:5</fillerBlock>
        </planet>
        <planet DIMID="124" name="Asteroid Belt">
            <isKnown>false</isKnown>
            <forceRiverGeneration>true</forceRiverGeneration>
            <fogColor>1.0,1.0,1.0</fogColor>
            <skyColor>1.0,1.0,1.0</skyColor>
            <gravitationalMultiplier>100</gravitationalMultiplier>
            <orbitalDistance>100</orbitalDistance>
            <orbitalTheta>0</orbitalTheta>
            <orbitalPhi>0</orbitalPhi>
            <retrograde>false</retrograde>
            <avgTemperature>250</avgTemperature>
            <rotationalPeriod>24000</rotationalPeriod>
            <atmosphereDensity>100</atmosphereDensity>
            <rainStartLength>168000</rainStartLength>
            <rainProlongationLength>12000</rainProlongationLength>
            <thunderStartLength>168000</thunderStartLength>
            <thunderProlongationLength>12000</thunderProlongationLength>
            <rainMarker>0</rainMarker>
            <thunderMarker>0</thunderMarker>
            <generateCraters>true</generateCraters>
            <generateCaves>true</generateCaves>
            <generateVolcanos>false</generateVolcanos>
            <generateStructures>true</generateStructures>
            <generateGeodes>true</generateGeodes>
            <seaLevel>63</seaLevel>
            <genType>2</genType>
            <biomeIds>biomesoplenty:tropical_island;30,minecraft:mutated_extreme_hills_with_trees;30,biomesoplenty:ominous_woods;30,minecraft:mesa_clear_rock;30,biomesoplenty:prairie;30</biomeIds>
        </planet>
        <planet DIMID="125" name="Caveland">
            <isKnown>false</isKnown>
            <forceRiverGeneration>true</forceRiverGeneration>
            <fogColor>1.0,1.0,1.0</fogColor>
            <skyColor>1.0,1.0,1.0</skyColor>
            <gravitationalMultiplier>100</gravitationalMultiplier>
            <orbitalDistance>100</orbitalDistance>
            <orbitalTheta>0</orbitalTheta>
            <orbitalPhi>0</orbitalPhi>
            <retrograde>false</retrograde>
            <avgTemperature>250</avgTemperature>
            <rotationalPeriod>24000</rotationalPeriod>
            <atmosphereDensity>100</atmosphereDensity>
            <rainStartLength>168000</rainStartLength>
            <rainProlongationLength>12000</rainProlongationLength>
            <thunderStartLength>168000</thunderStartLength>
            <thunderProlongationLength>12000</thunderProlongationLength>
            <rainMarker>0</rainMarker>
            <thunderMarker>0</thunderMarker>
            <generateCraters>true</generateCraters>
            <generateCaves>true</generateCaves>
            <generateVolcanos>false</generateVolcanos>
            <generateStructures>true</generateStructures>
            <generateGeodes>true</generateGeodes>
            <seaLevel>63</seaLevel>
            <genType>1</genType>
            <biomeIds>biomesoplenty:shield;30,minecraft:frozen_river;30,minecraft:mesa_clear_rock;30,twilightforest:highlands_center;30,biomesoplenty:flower_island;30</biomeIds>
        </planet>
    </star>
</galaxy>
